6.005649089813232,-4.783862590789795,abdomen 
1.3158284425735474,2.9538090229034424,ability 
4.164047718048096,2.412461280822754,absence 
-4.138671875,6.142073154449463,absorb 
-6.395717620849609,-0.2731589376926422,abundance 
-5.144388675689697,3.166769027709961,accept 
4.24404764175415,2.1308372020721436,accident 
-3.100644111633301,4.750372409820557,accomplish 
-3.22796630859375,4.785038471221924,achieve 
-4.760956287384033,3.090282440185547,acknowledge 
-3.361091136932373,4.404465198516846,acquire 
-7.307055473327637,-3.2836456298828125,action 
1.308232307434082,2.7978196144104004,activity 
5.725671768188477,5.5897064208984375,actor 
5.772950649261475,5.559785842895508,actress 
-4.324252128601074,3.152583122253418,add 
3.011101007461548,6.399963855743408,administration 
-8.015792846679688,2.224541425704956,adult 
9.281826972961426,3.526625633239746,adversary 
-5.086237907409668,3.3388097286224365,advise 
-5.849549293518066,-8.247903823852539,afraid 
2.0908710956573486,-4.95849609375,age 
-0.5208221077919006,4.580204963684082,aggression 
-8.681256294250488,-2.155336380004883,agony 
-4.976587295532227,3.3678016662597656,agree 
2.7159461975097656,7.965625762939453,agreement 
-2.8206682205200195,-0.880615234375,air 
-2.376256227493286,-3.219282865524292,aisle 
0.27469608187675476,0.06494389474391937,alcohol 
-2.3780133724212646,-3.2672507762908936,alley 
-4.780953884124756,3.151045083999634,allow 
-0.3574609160423279,-0.479257196187973,aluminum 
-3.640749454498291,5.2044596672058105,analyze 
-0.5232731699943542,4.424468040466309,anarchy 
1.7166566848754883,6.991398334503174,anatomy 
-2.6611762046813965,-5.467782974243164,anchor 
1.263692021369934,7.941165924072266,ancient 
-8.56463623046875,-2.362560749053955,anger 
-1.054958462715149,0.23185406625270844,angle 
-6.114386558532715,-7.44395637512207,angry 
8.07938003540039,-1.2580941915512085,animal 
5.749773025512695,-5.7319464683532715,ankle 
-5.958197116851807,3.8392186164855957,announce 
-4.255274772644043,9.283547401428223,ant 
-6.090429306030273,-7.66494083404541,anxious 
-1.6077550649642944,-2.9458296298980713,apartment 
-9.102700233459473,1.355531096458435,apparent 
-2.5205330848693848,2.706522226333618,appear 
-4.633176326751709,-1.7594211101531982,apple 
0.42411360144615173,2.458265781402588,appliance 
-5.941475868225098,6.462019920349121,appoint 
2.8967976570129395,7.8397016525268555,appointment 
4.703771591186523,8.059590339660645,archbishop 
-4.826878070831299,-0.0040818508714437485,area 
-4.924250602722168,3.5902271270751953,argue 
0.9179624915122986,5.568387031555176,argument 
1.660296082496643,6.977304935455322,arithmetic 
6.287113189697266,-6.3440260887146,arm 
2.378060817718506,5.479648113250732,army 
-5.830129623413086,5.374099254608154,arrange 
-2.7135438919067383,2.8612754344940186,arrive 
4.317098140716553,-5.486836910247803,arrow 
0.03615029156208038,7.608636856079102,article 
-5.888147830963135,-8.261298179626465,ashamed 
1.1071014404296875,-3.061896324157715,ask 
3.1090471744537354,6.5015130043029785,assignment 
-4.059579372406006,4.205007076263428,assume 
-2.9015233516693115,-0.7107426524162292,atmosphere 
-0.3584666848182678,0.9819379448890686,atom 
-4.391817092895508,4.465890884399414,attach 
-5.941199779510498,4.141824245452881,attend 
5.083430290222168,0.5878875255584717,attention 
4.038311958312988,3.367609977722168,attitude 
4.875636100769043,6.5740227699279785,attorney 
2.5779242515563965,-9.245246887207031,august 
1.2350804805755615,-5.394965648651123,aunt 
0.7222662568092346,8.221704483032227,author 
-0.22357593476772308,9.93505859375,aviation 
-5.091644287109375,4.2731852531433105,avoid 
-0.3795440196990967,3.026353597640991,awareness 
-4.635279655456543,-7.1809401512146,awful 
1.044579267501831,-6.335965633392334,baby 
2.0142898559570312,0.3383839428424835,bacon 
-6.406843662261963,-5.718108654022217,bad 
3.327162742614746,-6.1642374992370605,bag 
3.6705586910247803,-5.518226146697998,ball 
6.262256622314453,2.3390843868255615,ballad 
-1.4075567722320557,-0.3068157434463501,balloon 
2.2339799404144287,5.192323207855225,band 
5.1629133224487305,6.213428497314453,banker 
-1.5867159366607666,-4.016194820404053,bar 
-2.2614188194274902,-3.117497205734253,barn 
-0.41803988814353943,10.190241813659668,baseball 
3.1681504249572754,-6.170383453369141,basket 
3.011530637741089,-0.4080231785774231,bath 
-1.6406275033950806,-2.595033884048462,bathroom 
-0.9776176810264587,5.626838684082031,battle 
-3.418750047683716,-4.937575817108154,beach 
0.9763109683990479,0.5552254915237427,bean 
8.680866241455078,-1.2248789072036743,beast 
-3.900047540664673,-7.464206218719482,beautiful 
2.6597509384155273,2.072056293487549,beauty 
4.408123016357422,0.899313747882843,become 
-1.6665970087051392,-6.101897239685059,bed 
-1.6323959827423096,-2.891737461090088,bedroom 
8.330072402954102,-1.572524070739746,bee 
1.9040669202804565,0.16340649127960205,beef 
2.48614239692688,-0.7121986150741577,beer 
0.2551390826702118,-2.1913225650787354,beg 
0.5076427459716797,-2.7162938117980957,begin 
-4.583603858947754,2.3961055278778076,behave 
2.1756691932678223,3.8798668384552,belief 
1.794481873512268,-2.8137762546539307,believe 
7.353256702423096,3.2971243858337402,bell 
6.076889991760254,-4.631038188934326,belly 
4.86128044128418,-6.121070384979248,belt 
-1.8235379457473755,-6.02196741104126,bench 
2.241814374923706,-0.5276596546173096,beverage 
-0.15296630561351776,4.616815090179443,bias 
0.03810654953122139,7.469238758087158,bible 
7.3618597984313965,4.410183906555176,bicycle 
-6.057246685028076,-4.44753885269165,big 
0.331259548664093,7.833138942718506,biography 
1.6221948862075806,6.915513038635254,biology 
8.265081405639648,-1.4750428199768066,bird 
2.697422742843628,-9.093545913696289,birthday 
4.669430732727051,7.972263813018799,bishop 
-4.46299934387207,-6.216833114624023,bizarre 
4.649335861206055,-5.725490093231201,blade 
-1.1738755702972412,-8.880928039550781,blanket 
5.3065080642700195,-3.3270087242126465,blood 
-2.7811577320098877,-5.420561790466309,boat 
4.901933670043945,-2.9036927223205566,body 
-6.118406772613525,-6.267641067504883,bold 
5.504855632781982,-4.0819292068481445,bone 
-0.23188138008117676,7.0755462646484375,book 
5.012630939483643,6.546182632446289,booth 
-4.202256202697754,-4.333658695220947,border 
-5.677298069000244,1.6942980289459229,borrow 
2.398216724395752,-1.0185657739639282,bottle 
-1.7680416107177734,-4.997340679168701,bottom 
-4.279416561126709,-4.192986488342285,boundary 
1.9835437536239624,-0.9789099097251892,bowl 
3.2462146282196045,-6.0303955078125,box 
0.5372057557106018,-5.729937553405762,boy 
5.320152759552002,-3.1883490085601807,brain 
2.502148389816284,-0.8840369582176208,brandy 
2.0025012493133545,0.06455269455909729,bread 
5.002780437469482,1.4527544975280762,breakfast 
-6.028127670288086,-0.8319453001022339,breathe 
-3.600358486175537,-2.7652652263641357,brick 
1.7261571884155273,-6.108314037322998,bride 
-3.576824426651001,-4.251791000366211,bridge 
0.9055545330047607,-3.237475872039795,bring 
-5.373961448669434,-4.226715087890625,broad 
1.2420072555541992,-5.220034122467041,brother 
7.007017135620117,-5.416990280151367,brow 
-1.6155846118927002,-0.5031945109367371,bubble 
-3.637190341949463,9.39859676361084,buddy 
-4.343152046203613,6.676298141479492,build 
-0.6258922219276428,-0.12232115864753723,bulb 
8.978104591369629,-1.10262930393219,bull 
2.885885238647461,-6.360079288482666,bunch 
3.0485727787017822,-8.587252616882324,burial 
7.305813312530518,4.393487453460693,bus 
-4.408354759216309,-2.195160388946533,bush 
3.0239908695220947,-2.985775947570801,business 
1.8100284337997437,0.04740392416715622,butter 
4.844611644744873,-6.105190277099609,button 
-5.610841751098633,1.5214208364486694,buy 
7.397844314575195,4.488297939300537,cab 
-1.6563762426376343,-2.9069178104400635,cabin 
-2.641094207763672,-2.5928001403808594,cage 
-0.5760053396224976,7.533188343048096,calendar 
2.091104507446289,1.4939366579055786,calf 
-0.9476731419563293,0.30822744965553284,camera 
2.1962101459503174,5.268768310546875,camp 
5.4990129470825195,-2.4177446365356445,cancer 
3.796389102935791,6.824172019958496,candidate 
1.7288086414337158,0.13047967851161957,candy 
6.7719197273254395,0.23749607801437378,cannon 
-4.1567487716674805,-3.931020975112915,canyon 
1.5353840589523315,2.5488719940185547,capability 
-6.586409091949463,1.1945723295211792,capital 
5.505932807922363,4.074243068695068,captain 
7.332291126251221,4.33065128326416,car 
0.00417619664222002,0.009749590419232845,carbon 
3.297140121459961,-5.768287658691406,card 
-0.319425493478775,-0.9357715249061584,cardboard 
-1.871855616569519,-6.484776973724365,carpet 
7.4164018630981445,4.522510051727295,carriage 
0.8447069525718689,-3.2915875911712646,carry 
8.745757102966309,-1.5650438070297241,cat 
-1.3189609050750732,6.358577728271484,catastrophe 
8.219865798950195,1.851464033126831,cathedral 
9.261178970336914,-0.6216190457344055,cattle 
-3.118149757385254,-3.422863483428955,ceiling 
2.8499972820281982,-8.905938148498535,celebration 
-1.8857033252716064,-2.464674234390259,cell 
-1.742232322692871,-2.6508336067199707,cellar 
-6.934232711791992,1.3770290613174438,cent 
1.9810223579406738,-9.668536186218262,century 
0.5488837361335754,0.7215540409088135,cereal 
-0.5702493786811829,-7.528707981109619,ceremony 
0.019877079874277115,1.8135572671890259,certain 
-1.6316404342651367,-6.1515116691589355,chair 
2.552687406539917,-0.6757239103317261,champagne 
3.0372705459594727,5.499545574188232,champion 
3.821232795715332,0.43564340472221375,chaos 
8.192699432373047,1.854142427444458,chapel 
-6.306528568267822,-2.4338717460632324,chapter 
0.03888910263776779,-0.3610932230949402,charcoal 
-5.563721179962158,0.6855584383010864,cheap 
6.939526557922363,-5.5063796043396,cheek 
-2.9527299404144287,-7.748581409454346,cheerful 
1.8794574737548828,0.08854842185974121,cheese 
1.672052264213562,6.94252872467041,chemistry 
-4.672325611114502,4.742870330810547,cherish 
5.785727500915527,-5.4452338218688965,chest 
1.9548802375793457,0.3152155578136444,chicken 
3.7101027965545654,8.324848175048828,chief 
0.7614821791648865,-5.879345417022705,child 
-4.7308807373046875,-6.660336017608643,childish 
1.915854573249817,-0.057081855833530426,chocolate 
2.698949098587036,3.638007164001465,choice 
7.795628070831299,1.7829279899597168,choir 
-6.007688522338867,-0.9528216123580933,choke 
-4.567634582519531,2.802039623260498,choose 
8.218158721923828,1.8825430870056152,church 
9.656847953796387,4.473089694976807,cigar 
9.665353775024414,4.477659225463867,cigarette 
-1.1254609823226929,8.30800724029541,circumstance 
-3.6773364543914795,6.108726501464844,clarify 
0.7377495169639587,4.3189616203308105,class 
-1.653202772140503,-2.283407211303711,classroom 
0.9378622174263,-7.84775972366333,clever 
-3.3959155082702637,-4.173363208770752,cliff 
-1.672804594039917,-2.7123706340789795,closet 
-1.3230408430099487,-9.196257591247559,cloth 
-1.296576976776123,-9.196451187133789,clothes 
-2.815974473953247,-0.4402416944503784,cloud 
-0.7973265051841736,2.446829319000244,club 
-2.579930305480957,5.3578267097473145,clue 
-0.058121711015701294,-0.3090304434299469,coal 
-3.993096113204956,-4.823586940765381,coast 
-1.1782737970352173,-9.252589225769043,coat 
2.543504476547241,-0.2395796924829483,cocktail 
0.3453109562397003,5.048192977905273,code 
2.4783287048339844,-0.4085259437561035,coffee 
-6.186734676361084,5.210917949676514,collect 
-0.8708962202072144,2.5824923515319824,college 
5.498478412628174,4.0711445808410645,colonel 
8.74221420288086,-0.94063401222229,colt 
2.2650222778320312,-3.6112654209136963,come 
-7.575272083282471,-1.035266637802124,comfort 
-5.484452247619629,4.211965084075928,communicate 
2.674069404602051,8.022878646850586,communication 
4.846102714538574,4.3446197509765625,companion 
1.916264295578003,4.730841636657715,company 
-0.2431553304195404,7.867223262786865,compare 
0.6447742581367493,3.3981549739837646,competence 
-4.097907543182373,2.6358587741851807,complain 
6.602276802062988,2.058727741241455,composer 
-3.911620855331421,3.718468427658081,comprehend 
-0.4184834063053131,3.0947320461273193,concept 
-4.882810115814209,3.2341339588165283,conclude 
3.428727626800537,3.660938262939453,condition 
-1.2705152034759521,-0.21928976476192474,cone 
-1.9365723133087158,7.433338165283203,confession 
2.031247854232788,3.1691925525665283,confidence 
-7.788085460662842,-0.15337733924388885,confident 
-8.752784729003906,-2.2454264163970947,confusion 
-1.033406138420105,5.724766731262207,conquest 
-4.323095798492432,6.508138656616211,construct 
1.0905629396438599,5.802963733673096,construction 
-3.489279270172119,4.877470016479492,contemplate 
-1.1174113750457764,8.913276672363281,conversation 
-3.271596908569336,6.3354620933532715,cooperate 
-3.580371379852295,9.398386001586914,cop 
4.8165178298950195,-6.09157657623291,cord 
-1.6196715831756592,-3.8309643268585205,corner 
3.40749454498291,6.516608715057373,corporation 
-2.009246349334717,-3.0169501304626465,corridor 
-1.575923204421997,-9.101497650146484,costume 
-1.593782663345337,-3.5194761753082275,cottage 
-1.2975069284439087,-9.248956680297852,cotton 
-1.7311155796051025,-6.2276835441589355,couch 
0.00773693947121501,-9.598093032836914,couple 
2.7250421047210693,-3.1290159225463867,course 
1.4710649251937866,-5.33130407333374,cousin 
8.986551284790039,-1.0123976469039917,cow 
2.015122175216675,-6.66703462600708,cradle 
6.8517374992370605,-2.4489099979400635,crazy 
-3.4223577976226807,4.856262683868408,create 
4.402571678161621,0.07426585257053375,creator 
2.056457281112671,-6.6804656982421875,crib 
-2.237321376800537,7.453747272491455,crime 
0.6410993933677673,7.7624287605285645,criticism 
-5.124766826629639,8.059362411499023,crowd 
-0.6206156015396118,3.257657051086426,crucial 
-5.1149516105651855,-7.257713317871094,cruel 
-1.4070544242858887,-0.5268588066101074,crystal 
2.4695885181427,-0.9541201591491699,cup 
-2.171116352081299,-6.072978973388672,curtain 
-1.1978977918624878,-0.2933398187160492,curve 
6.7627716064453125,-2.3175346851348877,dad 
-8.856437683105469,-0.7184256911277771,danger 
2.5463473796844482,-9.230695724487305,date 
1.2349683046340942,-5.3785080909729,daughter 
-3.3496882915496826,0.24672195315361023,dawn 
5.368525505065918,2.826382637023926,day 
1.2315552234649658,-5.082250595092773,death 
1.9987397193908691,-9.643716812133789,decade 
-4.19445276260376,4.123877048492432,decide 
-2.1931252479553223,-5.858107089996338,deck 
-4.388783931732178,2.9346773624420166,declare 
2.6560661792755127,1.8798028230667114,decoration 
-6.4055094718933105,4.000777721405029,defend 
0.7349488735198975,5.619686603546143,definition 
-3.927859306335449,-7.447819232940674,delightful 
-6.343079566955566,3.841279983520508,deliver 
0.4477998614311218,-1.2202389240264893,demon 
0.5927907824516296,5.61905574798584,denial 
-3.565708637237549,-1.120287299156189,dense 
6.173420429229736,5.1622467041015625,dentist 
-4.190343856811523,3.044628143310547,deny 
-4.7388715744018555,0.004117809236049652,depth 
-4.02403450012207,2.4179940223693848,deserve 
-8.670003890991211,-2.1429405212402344,despair 
-4.593546390533447,5.531904697418213,destroy 
-1.2749240398406982,5.8934431076049805,destruction 
-4.023021697998047,4.282767295837402,determine 
7.1404290199279785,-2.4035260677337646,devil 
3.6365296840667725,-7.5373029708862305,diamond 
0.3058079779148102,7.599404811859131,dictionary 
2.531541347503662,0.3838127553462982,diet 
-7.408039569854736,3.797388792037964,differ 
-0.07940633594989777,1.743524193763733,different 
-7.724874019622803,-5.328882694244385,difficult 
-8.857460975646973,-0.6075834035873413,difficulty 
4.999091148376465,1.4541889429092407,dinner 
-3.5441064834594727,-1.878872036933899,dirt 
-1.4273412227630615,-8.80803394317627,dirty 
-8.017431259155273,3.8793957233428955,disappear 
-1.1967540979385376,-0.1299900859594345,disc 
-4.578161716461182,4.690770149230957,discourage 
-3.7507777214050293,3.439206838607788,discover 
-5.687877178192139,5.333683967590332,discuss 
-1.0629757642745972,8.827105522155762,discussion 
5.2926530838012695,-0.6286083459854126,disease 
-3.1658976078033447,6.0861053466796875,disorganize 
-4.7960052490234375,6.123537063598633,divide 
2.4162938594818115,-3.223332405090332,do 
5.468225955963135,4.178370475769043,doctor 
8.675773620605469,-1.4041441679000854,dog 
-6.900080680847168,1.3818204402923584,dollar 
-3.4222145080566406,5.9838972091674805,dominate 
-1.5231136083602905,-3.8258697986602783,door 
-1.8625885248184204,-3.5795066356658936,doorway 
3.177164077758789,-6.120528221130371,drawer 
-4.989888668060303,-6.542546272277832,dreary 
7.438963413238525,4.551820755004883,driver 
-3.2356936931610107,-0.5144743323326111,drizzle 
6.898515224456787,0.5186389684677124,drum 
-5.284707546234131,-6.632768630981445,dull 
1.1557114124298096,-7.9974846839904785,dumb 
-3.353503942489624,0.20833389461040497,dusk 
-5.731584072113037,1.659327745437622,earn 
-7.339808940887451,-5.49055290222168,easy 
-7.6221022605896,-2.8965935707092285,effort 
4.039488315582275,-4.056016445159912,elastic 
6.279514312744141,-6.239351749420166,elbow 
-5.988298416137695,6.602677822113037,elect 
2.6125502586364746,2.0695292949676514,elegance 
7.283551216125488,4.083615303039551,elevator 
2.6888458728790283,7.8109235763549805,emergency 
-8.39006233215332,-2.346161127090454,emotion 
3.2487876415252686,6.316745758056641,employee 
4.047183513641357,5.81718111038208,employer 
-4.82100772857666,4.353859901428223,encourage 
1.34044349193573,2.709416627883911,endurance 
-5.609804153442383,4.452787399291992,engage 
2.759222984313965,7.909856796264648,engagement 
6.978738307952881,3.191897392272949,engine 
-4.628866195678711,2.0676612854003906,enjoy 
-6.3795647621154785,4.805238723754883,enter 
-5.040369033813477,4.341704845428467,entertain 
-0.3844001889228821,2.4149630069732666,equation 
-0.672133207321167,7.150088310241699,era 
0.23317477107048035,7.7417073249816895,essay 
-9.026707649230957,1.5195578336715698,essential 
5.33636999130249,2.83389949798584,evening 
-5.857999801635742,5.41323709487915,examine 
-1.880059838294983,-2.04288387298584,exit 
-4.408606052398682,-6.1603264808654785,exotic 
-4.26952600479126,6.1710286140441895,expand 
-3.9188530445098877,3.2920899391174316,explain 
-5.543586254119873,6.032660484313965,explore 
7.3459577560424805,-4.884522914886475,eye 
3.8680105209350586,0.5189045071601868,fabric 
1.6154652833938599,3.8586478233337402,fact 
3.000913619995117,4.890924453735352,factory 
-3.564785957336426,3.1974985599517822,fail 
0.8907716274261475,3.2591519355773926,fame 
3.6353678703308105,1.3391057252883911,fantasy 
-1.925041913986206,-8.758109092712402,fashion 
-6.569476127624512,-5.536101818084717,fast 
1.1930965185165405,-5.189859867095947,father 
-6.829105377197266,1.3979524374008179,fee 
-2.7239866256713867,-3.7924551963806152,fence 
5.312374591827393,-0.6759194135665894,fever 
0.67695552110672,7.827548980712891,fiction 
-1.9289888143539429,-0.395140677690506,film 
1.7335739135742188,-3.433635711669922,find 
6.5222554206848145,-5.87904167175293,finger 
5.412045955657959,-3.5062317848205566,flesh 
4.044915676116943,-4.069460391998291,flexible 
9.245658874511719,0.16946107149124146,flight 
-1.9219560623168945,-6.018008708953857,floor 
1.3686271905899048,0.03174901381134987,flour 
-4.74697208404541,-1.7205787897109985,flower 
-3.474442481994629,9.306633949279785,flu 
-3.0944664478302,-0.5145275592803955,fog 
0.7893208861351013,-7.864885330200195,foolish 
-1.486852765083313,-5.184876441955566,foot 
-0.43578779697418213,10.221563339233398,football 
0.6759000420570374,-2.4547066688537598,forget 
0.41849127411842346,-2.3205928802490234,forgive 
-2.292891502380371,-7.795426368713379,formal 
0.6820922493934631,5.648733615875244,formula 
8.754324913024902,-1.9789334535598755,fox 
3.9973602294921875,-4.067779541015625,fragile 
0.4996354877948761,4.506903171539307,fraternity 
-2.2658824920654297,7.421845436096191,fraud 
-2.654522180557251,-1.3734426498413086,fresh 
1.1040652990341187,-5.180595397949219,friend 
-2.7498748302459717,-7.828255653381348,friendly 
-2.710299491882324,-7.232966423034668,frigid 
-0.546876847743988,4.284514427185059,frustration 
6.366588115692139,-1.5717273950576782,fun 
0.9723153114318848,-7.811678409576416,funny 
-1.2598398923873901,-9.311516761779785,fur 
-1.8094056844711304,-6.7963666915893555,furniture 
-8.476613998413086,-2.7596209049224854,fury 
6.528380393981934,-1.4678170680999756,game 
-1.6690012216567993,-3.605567455291748,garden 
-1.6068222522735596,-3.8704745769500732,gate 
-6.395880222320557,5.165223121643066,gather 
-2.3436050415039062,4.750609397888184,gauge 
-3.197558879852295,-7.690382480621338,generous 
0.03715536743402481,-5.7930145263671875,gentleman 
1.9506193399429321,-3.5214614868164062,get 
2.5806005001068115,-0.9399146437644958,gin 
0.4057480990886688,-5.842716693878174,girl 
1.7577365636825562,-3.462214231491089,give 
-5.859282493591309,-8.195723533630371,glad 
2.414011001586914,-1.1880849599838257,glass 
4.006419658660889,0.08938886970281601,globe 
4.879035949707031,-6.250359535217285,glove 
2.1604530811309814,-3.5856854915618896,go 
-1.9759901762008667,4.808333873748779,goal 
8.83513069152832,-1.3319019079208374,goat 
4.133575439453125,-2.3684098720550537,god 
-1.2057595252990723,9.015616416931152,gossip 
0.5105560421943665,4.083247184753418,grade 
-4.329841613769531,-2.1466801166534424,grass 
-6.161337852478027,-4.320433139801025,great 
-6.221535682678223,3.4315807819366455,greet 
-8.59893798828125,-2.0158743858337402,grief 
7.453935146331787,4.717245101928711,groom 
-0.45621538162231445,-1.7732090950012207,grow 
1.926587462425232,-6.038305759429932,guardian 
4.831172466278076,4.321474075317383,guest 
-2.3013956546783447,7.470698356628418,guilty 
6.861725807189941,1.5094983577728271,guitar 
4.156259059906006,-5.444063186645508,gun 
-4.1554341316223145,9.303556442260742,gut 
4.829444408416748,-1.26334547996521,guy 
-1.4481436014175415,-3.466256618499756,hall 
-1.998878002166748,-2.8607687950134277,hallway 
6.351785659790039,-6.407201766967773,hand 
0.05285796523094177,-3.0262961387634277,hang 
-3.194586992263794,2.9292120933532715,happen 
-7.7820305824279785,-1.1286817789077759,happiness 
-5.682697772979736,-8.169984817504883,happy 
-6.611898899078369,-5.564738750457764,hard 
-3.586106300354004,2.0338473320007324,harm 
-5.500454902648926,-6.51369047164917,harsh 
-1.1388299465179443,-9.27360725402832,hat 
8.600379943847656,-1.560451626777649,hawk 
-2.7477846145629883,-0.43648555874824524,haze 
6.461643218994141,-6.435101509094238,head 
1.1569840908050537,-3.166303873062134,hear 
4.570853233337402,-2.6084773540496826,heart 
-5.923626899719238,-4.740016937255859,heavy 
3.665147304534912,9.223381042480469,helium 
4.5352606773376465,5.5792036056518555,helper 
8.740814208984375,-1.6741297245025635,hen 
-4.635095596313477,-1.5355896949768066,herb 
1.2129064798355103,8.866436004638672,hero 
1.1254488229751587,8.90765380859375,heroine 
-3.773953437805176,-4.137060165405273,highway 
-3.7059054374694824,-4.174839973449707,hill 
5.794940948486328,-5.960244178771973,hip 
-2.800837755203247,-2.7211906909942627,hole 
1.0508383512496948,-4.731775283813477,home 
-7.981958389282227,0.23145712912082672,honest 
1.3535460233688354,-0.04425607994198799,honey 
6.979849815368652,0.4076562821865082,horn 
8.54622745513916,-0.26408547163009644,horse 
-1.237322449684143,-9.259801864624023,hose 
-2.704904794692993,1.3776500225067139,hospital 
-0.3487699627876282,4.521562576293945,hostility 
-1.1932214498519897,-3.5344512462615967,hotel 
8.67451000213623,-1.5761984586715698,hound 
-1.2218016386032104,-3.528726577758789,house 
-5.789492130279541,-4.220483303070068,huge 
-3.770447254180908,-0.34388822317123413,hurricane 
1.2174072265625,-5.505918025970459,husband 
-2.027606964111328,-2.97827410697937,hut 
6.834200859069824,1.6198843717575073,hymn 
-8.534906387329102,-2.7395706176757812,hysteria 
-3.524570941925049,-1.1583904027938843,ice 
3.0713253021240234,2.545217990875244,idea 
-8.857312202453613,-1.2487019300460815,ignorance 
-4.008677005767822,5.057891368865967,ignore 
-0.823710024356842,4.86747932434082,illegal 
4.332867622375488,2.075953245162964,illness 
3.5151894092559814,1.4746986627578735,illusion 
3.759977102279663,1.1537022590637207,image 
-3.738219976425171,3.071385383605957,imagine 
-4.513454914093018,4.314778804779053,imitate 
-0.9801689982414246,4.945751190185547,immoral 
-6.1501145362854,-7.420926094055176,impatient 
-9.052412986755371,1.486041784286499,important 
3.1546576023101807,2.5332186222076416,impression 
-0.8926423192024231,0.5367447137832642,inch 
-6.728485107421875,1.3668144941329956,income 
1.1204866170883179,3.0167794227600098,industry 
-5.512252330780029,0.6321622729301453,inexpensive 
5.319543838500977,-0.6546005010604858,infection 
-5.53074836730957,3.6355936527252197,inform 
2.433722972869873,3.3390352725982666,information 
-1.3492450714111328,-3.61415696144104,inn 
-6.081505298614502,4.943989276885986,inquire 
-1.175980567932129,4.920389652252197,insane 
7.9899163246154785,-1.3189811706542969,insect 
2.204490900039673,2.5608575344085693,insight 
-5.78179931640625,5.8141584396362305,inspect 
4.230261325836182,5.965197563171387,instructor 
6.877196311950684,2.2481095790863037,instrument 
2.325169324874878,3.0208468437194824,intelligence 
-7.9684271812438965,0.264850914478302,intelligent 
4.968013286590576,0.673865795135498,interest 
2.2361068725585938,2.477041006088257,intuition 
-5.663472652435303,5.640942573547363,investigate 
-0.6490232348442078,-1.188990592956543,iron 
-3.9649391174316406,-4.860317230224609,island 
-1.2388139963150024,-9.216268539428711,jacket 
-2.7789580821990967,1.3148020505905151,jail 
1.032962679862976,-0.9538660645484924,jar 
6.413656234741211,-4.937195301055908,jaw 
-1.5935380458831787,-0.44356662034988403,jet 
6.366267681121826,-1.634850025177002,job 
-6.018657207489014,3.280212879180908,join 
-0.22630944848060608,7.518794536590576,journal 
9.824861526489258,1.7477468252182007,journey 
-8.336893081665039,-1.844923973083496,joy 
1.1872711181640625,-0.18250992894172668,juice 
1.6988128423690796,4.1350016593933105,justice 
-4.4643073081970215,4.156604290008545,justify 
1.6217050552368164,-3.4552674293518066,keep 
3.166720390319824,-6.1463398933410645,key 
-3.531749725341797,9.389704704284668,kid 
2.637436866760254,-0.016977503895759583,kidney 
0.22438178956508636,-2.9709739685058594,kill 
3.9319515228271484,9.050405502319336,king 
-1.6368969678878784,-2.930121660232544,kitchen 
6.187806606292725,-6.128921031951904,knee 
4.694437503814697,-5.791872024536133,knife 
2.322089672088623,-3.1287522315979004,know 
-5.921394348144531,-3.2523252964019775,laden 
0.5401850342750549,-5.522418975830078,lady 
-3.988800048828125,-4.447796821594238,lake 
9.219812393188477,-1.214522361755371,lamb 
1.1080962419509888,6.141634941101074,language 
-6.024295330047607,-4.350525856018066,large 
1.692003846168518,4.19651460647583,law 
5.103683948516846,6.308402061462402,lawyer 
2.877741575241089,5.483292579650879,leader 
-3.5651323795318604,3.0453169345855713,learn 
1.3088568449020386,-3.2797327041625977,leave 
-3.287156581878662,-4.232385635375977,ledge 
5.818783760070801,-5.420779228210449,leg 
2.550553321838379,5.486598014831543,legion 
1.2714289426803589,0.18093909323215485,lemon 
-5.602422714233398,1.8732757568359375,lend 
-1.0663771629333496,0.12748031318187714,lens 
-0.2896445393562317,6.750417232513428,letter 
5.421508312225342,-4.119989395141602,limb 
-1.3167330026626587,-9.152663230895996,linen 
8.992571830749512,-1.229009747505188,lion 
6.804399490356445,-5.187490940093994,lip 
2.5971672534942627,-0.9267743229866028,liquor 
0.7345870733261108,-2.9702484607696533,listen 
0.8363047242164612,7.696829795837402,literature 
5.673260688781738,-3.323880195617676,liver 
-5.4643754959106445,6.276793956756592,locate 
-3.365612745285034,-2.9676928520202637,log 
1.2774460315704346,6.427391529083252,logic 
0.6216175556182861,-9.110042572021484,long 
4.728617191314697,-6.054272174835205,loop 
0.3115769922733307,-2.3527140617370605,lose 
1.5489258766174316,-6.1081132888793945,lover 
6.324299335479736,-1.5901095867156982,luck 
5.073458194732666,1.515791893005371,lunch 
5.589783668518066,-2.6789298057556152,lung 
6.915889739990234,2.983402967453003,machine 
6.9706010818481445,-2.4860618114471436,mad 
-4.6899094581604,0.11770045757293701,magnitude 
1.055537462234497,-6.180394649505615,maid 
1.8411403894424438,-3.510746479034424,make 
4.504941940307617,-0.032478589564561844,maker 
-0.004628058988600969,-6.003500461578369,man 
2.8874495029449463,6.378897190093994,management 
4.977318286895752,6.474330425262451,manager 
3.9626717567443848,3.336498498916626,manner 
-4.4091477394104,-2.139951467514038,maple 
8.605515480041504,-0.2716190814971924,mare 
5.633469104766846,-3.551659107208252,marrow 
0.5906383991241455,-3.0237038135528564,marry 
4.1498541831970215,7.33685827255249,mayor 
4.853981018066406,1.3403053283691406,meal 
2.0205585956573486,0.13976512849330902,meat 
4.51599645614624,5.666534423828125,mechanic 
-0.03208637982606888,1.7107820510864258,medium 
0.8650410771369934,-3.112288236618042,meet 
6.75095272064209,1.6425496339797974,melody 
-0.1304703950881958,-6.509700775146484,men 
2.173121213912964,0.864039421081543,menu 
-0.5542569160461426,-0.89643794298172,metal 
-0.40608227252960205,2.154818058013916,meter 
2.6356124877929688,-3.514871835708618,might 
1.8645702600479126,-0.10307730734348297,milk 
4.236292839050293,7.265225887298584,minister 
8.702285766601562,-2.1248536109924316,mink 
2.1593778133392334,-9.524480819702148,minute 
-8.721478462219238,-1.6718021631240845,misery 
-2.95241641998291,-0.463201642036438,mist 
-5.129253387451172,8.059412002563477,mob 
1.0329686403274536,7.729300498962402,modern 
-2.9934496879577637,-7.7532806396484375,modest 
-0.34441104531288147,2.3261830806732178,molecule 
2.9763872623443604,-3.123260736465454,money 
5.832596778869629,6.8146891593933105,monk 
0.44020316004753113,-1.213443636894226,monster 
2.305757522583008,-9.399243354797363,month 
4.0319719314575195,3.389073610305786,mood 
-2.9699387550354004,-0.1464414894580841,moon 
5.354981422424316,2.838852643966675,morning 
-4.272196292877197,-2.174855947494507,moss 
1.1554378271102905,-5.237672328948975,mother 
7.256957054138184,4.24478006362915,motor 
-3.88737154006958,-4.168758392333984,mountain 
8.684914588928223,-1.7702698707580566,mouse 
6.991945266723633,-4.803849220275879,mouth 
-7.329087734222412,-3.3314738273620605,movement 
-0.5258763432502747,9.987530708312988,movie 
-3.602163314819336,-1.9219350814819336,mud 
-3.818883180618286,6.1418890953063965,multiply 
5.33656120300293,-3.932811737060547,muscle 
6.810389995574951,1.6221377849578857,music 
1.4369064569473267,-0.031222227960824966,mustard 
4.96254301071167,-5.730036735534668,nail 
-5.150043964385986,-4.204982280731201,narrow 
2.7443318367004395,5.9153056144714355,navy 
-7.893374919891357,-5.271762371063232,necessary 
6.060652256011963,-6.07236385345459,neck 
1.6754294633865356,-5.430727958679199,nephew 
5.321471214294434,-3.815337896347046,nerve 
2.9852592945098877,4.624805927276611,new 
2.7158703804016113,3.3168067932128906,news 
-0.2242124080657959,7.216160774230957,newspaper 
0.9034339785575867,-7.839892387390137,nice 
5.363767623901367,2.8289060592651367,night 
6.78643274307251,0.23922637104988098,noise 
-8.10474681854248,2.225210189819336,normal 
-1.6718823909759521,1.2788552045822144,north 
6.910994529724121,-4.886020183563232,nose 
-9.113465309143066,1.4534993171691895,noticeable 
-5.841553211212158,6.43181848526001,notify 
1.0363942384719849,-6.248778820037842,nurse 
-4.265017032623291,-2.3287248611450195,oak 
-6.129230499267578,3.90059494972229,obey 
-3.675122022628784,4.375721454620361,obtain 
-9.080864906311035,1.4186837673187256,obvious 
-2.9919352531433105,3.1953089237213135,occur 
-4.051293849945068,-4.823944091796875,ocean 
-4.508702278137207,-7.107363224029541,odd 
0.8990200161933899,-0.27216947078704834,oil 
8.586429595947266,3.08241605758667,old 
2.4211549758911133,3.637705087661743,opinion 
9.270227432250977,3.530179023742676,opponent 
6.952723503112793,1.6172840595245361,orchestra 
3.2118303775787354,3.8338871002197266,order 
6.9247517585754395,1.9499523639678955,organ 
-3.6909573078155518,6.289209842681885,organize 
-3.534454107284546,5.278616905212402,originate 
-8.541396141052246,0.5220481753349304,overcome 
-4.235578536987305,2.3843040466308594,owe 
8.808719635009766,-0.9815918207168579,ox 
-0.5647446513175964,4.347723960876465,pact 
-0.2630328834056854,7.221960544586182,page 
-8.688676834106445,-1.8946322202682495,pain 
-0.0628795325756073,-9.573172569274902,pair 
-4.705914497375488,-2.1805167198181152,palm 
-0.29475730657577515,6.91812801361084,paper 
-0.4806804060935974,-7.419764995574951,parade 
-0.20537829399108887,7.420673847198486,paragraph 
1.9309132099151611,-6.407996654510498,parent 
-3.5994696617126465,5.341667175292969,participate 
4.833942890167236,4.9960503578186035,partner 
2.064319372177124,4.992846965789795,party 
-8.410094261169434,-2.276611804962158,passion 
-6.827193260192871,1.390453577041626,payment 
-7.775919437408447,-1.0479629039764404,peace 
3.621548652648926,-7.555175304412842,pearl 
-0.12115048617124557,-6.511382102966309,people 
2.3386948108673096,2.430652141571045,perception 
0.01680149883031845,-5.843245506286621,person 
-4.879236221313477,3.9820144176483154,persuade 
9.060264587402344,-1.453439474105835,pet 
1.0133533477783203,6.168973445892334,phrase 
4.835583686828613,6.256479740142822,physician 
1.9117443561553955,0.22603484988212585,pie 
-2.325080394744873,-5.480330467224121,pilot 
9.65735149383545,4.465771675109863,pipe 
-1.0690850019454956,0.24982351064682007,plane 
4.043842315673828,0.053642310202121735,planet 
2.063628911972046,-1.3208563327789307,plate 
-4.972780704498291,3.9086203575134277,plead 
0.6170088052749634,-2.5911216735839844,please 
-6.406650543212891,-0.20534440875053406,plenty 
-2.6491339206695557,-7.8232831954956055,polite 
4.378039360046387,5.8159637451171875,politician 
-0.5476185083389282,4.242993354797363,pollution 
-5.0062336921691895,0.2219424843788147,population 
-3.327942371368408,5.287391662597656,portray 
-3.417396306991577,3.986510992050171,possess 
1.6620222330093384,-0.8417916893959045,pot 
1.4976603984832764,0.26137691736221313,potato 
-8.826754570007324,-1.3832991123199463,poverty 
0.4210701882839203,-2.3208529949188232,pray 
-3.658623695373535,4.798531532287598,predict 
3.7435452938079834,2.9225170612335205,presence 
4.085845947265625,7.2193169593811035,president 
0.7642632126808167,3.2931461334228516,prestige 
-4.141022205352783,2.901185989379883,pretend 
9.183686256408691,-0.018665123730897903,prey 
-8.415777206420898,-2.049119472503662,pride 
5.760546684265137,6.786696434020996,priest 
3.952082395553589,9.131775856018066,prince 
3.9524588584899902,9.206761360168457,princess 
-6.039560317993164,3.942894458770752,proclaim 
3.8736934661865234,5.892564296722412,profession 
4.420209884643555,7.497737884521484,professor 
2.1830532550811768,3.853585720062256,proof 
-7.982853889465332,-5.2662482261657715,proper 
-6.4990339279174805,4.0041351318359375,protect 
-5.829650402069092,-8.098212242126465,proud 
-3.8977131843566895,3.2507054805755615,prove 
1.5331475734710693,6.845651626586914,psychology 
4.274549961090088,5.869060516357422,pupil 
3.649238348007202,-6.371662139892578,purse 
-5.689129829406738,4.436889171600342,pursue 
2.204073190689087,-3.64643931388855,put 
3.957287073135376,9.18542194366455,queen 
-6.927048206329346,-0.4370335042476654,quest 
-6.396298408508301,-5.80267333984375,quick 
-6.168164253234863,4.16016960144043,quit 
5.524230480194092,6.89674186706543,rabbi 
8.696771621704102,-2.001469850540161,rabbit 
6.73607873916626,0.1957947313785553,racket 
-2.64933705329895,-4.29275369644165,rail 
-3.3793954849243164,-0.470209002494812,rain 
-7.241916656494141,-3.6207187175750732,rapid 
-3.9781365394592285,-7.399209022521973,rare 
8.724125862121582,-1.6102979183197021,rat 
6.811795234680176,0.30986836552619934,rattle 
-2.2217013835906982,-0.08100438863039017,ray 
-0.3515786826610565,6.7340803146362305,read 
0.6951644420623779,8.43832778930664,reader 
3.6685495376586914,1.1209840774536133,reality 
-3.7352635860443115,3.316723108291626,realize 
-5.6755805015563965,3.16357159614563,receive 
-9.043371200561523,1.6902456283569336,recent 
-5.076389312744141,3.4994564056396484,recommend 
-4.464595794677734,5.855005741119385,reduce 
-3.3274412155151367,-4.555437088012695,reef 
3.1408064365386963,2.420452356338501,reflection 
-4.5127129554748535,-3.578781843185425,region 
-4.302935600280762,4.74948263168335,reject 
0.010492030531167984,-2.673733949661255,remain 
-5.381586074829102,3.3525173664093018,remind 
-4.686210632324219,5.977901935577393,replace 
-3.4261362552642822,3.706514835357666,require 
-6.0487284660339355,-7.2421064376831055,restless 
-4.642916202545166,5.475268363952637,restore 
-4.519851207733154,5.245698928833008,retain 
6.649086952209473,1.6418167352676392,rhythm 
1.4135704040527344,0.24288660287857056,rice 
2.607086420059204,-3.550367593765259,right 
-3.955141305923462,-4.373263359069824,river 
-6.043914794921875,-0.8610513210296631,roam 
4.6831374168396,-5.9539265632629395,rod 
-3.2380526065826416,-3.398160696029663,roof 
-1.3674952983856201,-3.436164617538452,room 
-4.773768901824951,-1.6591525077819824,root 
-5.510345458984375,-5.371972560882568,rough 
-4.879055976867676,-7.019772052764893,sad 
-7.37647819519043,-0.9050098657608032,safety 
-1.0019831657409668,-5.530905246734619,sailor 
8.29988956451416,1.978364109992981,saint 
1.8475114107131958,0.2854282557964325,salad 
-6.771917343139648,1.389739990234375,salary 
1.1562564373016357,-0.21257980167865753,salt 
1.7418967485427856,0.5880328416824341,sandwich 
-4.683145523071289,3.886229991912842,satisfy 
1.9668569564819336,0.17633743584156036,sauce 
0.5325953960418701,-3.144482374191284,save 
2.3593475818634033,-3.186098575592041,say 
-6.441779613494873,-0.15275202691555023,scarce 
0.9074403047561646,5.5809478759765625,scheme 
-0.8748107552528381,2.572758913040161,school 
1.6037131547927856,6.907769203186035,science 
4.565991401672363,5.978067874908447,scientist 
-4.0098185539245605,-4.8706583976745605,sea 
-3.590055227279663,-4.903420925140381,seashore 
-2.695423126220703,0.7850939035415649,season 
0.9501922726631165,-9.083158493041992,second 
4.143163204193115,7.200480937957764,secretary 
-4.753976345062256,-1.5790950059890747,seed 
-2.4195330142974854,2.6235899925231934,seem 
4.345605850219727,-0.7900204062461853,self 
-5.6018195152282715,1.5359020233154297,sell 
0.9067409038543701,-3.2063205242156982,send 
2.7802085876464844,2.2011282444000244,sense 
-1.5211156606674194,-4.289316654205322,sentry 
-8.634568214416504,-2.0099985599517822,shame 
-6.3220906257629395,-5.852764129638672,sharp 
9.18426513671875,-0.7518262267112732,sheep 
-6.9967851638793945,-1.2519962787628174,shelter 
4.882025241851807,6.706793785095215,sheriff 
-3.495697498321533,-4.996128082275391,shore 
0.6625657677650452,-9.123353004455566,short 
6.3223114013671875,-6.275399684906006,shoulder 
-7.537083148956299,3.8268542289733887,shrink 
-5.623961925506592,-7.91998291015625,sick 
5.267716884613037,-0.5670288801193237,sickness 
-1.4073646068572998,-5.182816028594971,side 
-3.3926913738250732,-7.643403053283691,simple 
6.769470691680908,1.7446664571762085,singer 
4.4248366355896,4.820766925811768,sinner 
3.4451823234558105,3.6544313430786133,situation 
-4.762446880340576,0.02121206372976303,size 
1.3305407762527466,2.9008190631866455,skill 
-2.9001505374908447,-0.30314069986343384,sky 
1.1324715614318848,-7.837264537811279,sly 
1.0432744026184082,-7.841616630554199,smart 
-3.4937403202056885,-1.0423176288604736,snow 
1.1413636207580566,4.390780925750732,society 
-1.7537578344345093,-6.1632866859436035,sofa 
3.4233431816101074,5.388416290283203,soldier 
1.2902096509933472,-5.255256652832031,son 
6.765928745269775,1.6590479612350464,song 
-8.607664108276367,-1.9281740188598633,sorrow 
4.521560192108154,-2.5417096614837646,soul 
2.0145599842071533,-0.003010583110153675,soup 
-1.667879343032837,1.2866514921188354,south 
1.1362316608428955,-3.2426040172576904,speak 
-5.230555534362793,1.6195144653320312,spend 
5.949577331542969,-4.646210193634033,spine 
4.23508882522583,-2.1463139057159424,spirit 
1.61506187915802,-0.9570935368537903,spoon 
-0.6791011095046997,-1.7972158193588257,squad 
3.383269786834717,3.6939682960510254,state 
2.0467584133148193,0.14564253389835358,steak 
-5.888740539550781,-0.7423574924468994,steal 
8.293314933776855,1.8161369562149048,steeple 
5.898753643035889,-3.7999002933502197,stomach 
-3.6045944690704346,-0.3840172290802002,storm 
-0.1692405343055725,6.836691856384277,story 
-4.569498062133789,-7.084421634674072,strange 
-1.2894933223724365,-8.879077911376953,straw 
-4.059654712677002,-4.167484283447266,stream 
-1.4963014125823975,-3.5215182304382324,street 
1.390251874923706,2.7426507472991943,strength 
-6.293963432312012,-5.753596782684326,strong 
-4.109191417694092,9.291516304016113,stud 
4.347029685974121,6.0336012840271,student 
0.8212417364120483,-7.8723554611206055,stupid 
1.1627812385559082,6.053690433502197,style 
-3.1777758598327637,3.1783053874969482,succeed 
0.9568832516670227,-0.9732984304428101,suds 
1.5101497173309326,-0.04227185621857643,sugar 
-2.7028467655181885,0.7311649918556213,summer 
-2.985774040222168,-0.1768161654472351,sun 
-3.396484613418579,0.3245086669921875,sunrise 
-3.344135284423828,0.24223902821540833,sunset 
-2.97644305229187,-0.3765465021133423,sunshine 
4.974916934967041,1.422967791557312,supper 
-5.828794002532959,-8.299195289611816,sure 
1.8196080923080444,7.053379535675049,surgery 
-4.210273265838623,-3.8603270053863525,swamp 
-1.2151609659194946,-9.245025634765625,sweater 
3.8059329986572266,1.0110594034194946,symbol 
6.72153377532959,-4.816854476928711,tail 
1.9176530838012695,-3.5089380741119385,take 
4.087559700012207,-5.453160762786865,target 
-1.799259901046753,4.626209259033203,task 
-6.808518886566162,1.3823126554489136,tax 
7.27399206161499,4.39976692199707,taxi 
2.7876944541931152,-0.4254396855831146,tea 
4.312078475952148,5.952875137329102,teacher 
-6.060638427734375,-0.9975491762161255,tear 
6.925412654876709,-4.807867050170898,teeth 
7.320031642913818,3.5224640369415283,telephone 
7.092321872711182,-3.8050105571746826,temper 
-4.686847686767578,-7.153177261352539,terrible 
-8.318513870239258,-3.1516549587249756,terrific 
0.07270932197570801,7.58458137512207,text 
-2.2701127529144287,7.454144477844238,theft 
-0.7435617446899414,8.729358673095703,theme 
0.9647678732872009,5.589165210723877,theory 
2.3079445362091064,-3.1383984088897705,think 
-1.9237803220748901,7.39943790435791,threat 
6.6313700675964355,-4.810878276824951,throat 
6.545289993286133,-5.8424530029296875,thumb 
-3.868133306503296,-2.4752490520477295,timber 
0.8572191596031189,-0.8786182999610901,tin 
-5.692309856414795,-3.956444263458252,tiny 
1.696763038635254,-0.4864279329776764,tobacco 
5.7301859855651855,-5.400437831878662,toe 
7.0941243171691895,-4.230935573577881,tongue 
5.512344837188721,-4.463807582855225,tooth 
-1.7589272260665894,-5.005950450897217,top 
-0.9932389855384827,8.758536338806152,topic 
1.573011040687561,-7.633640289306641,tough 
8.286687850952148,1.8019945621490479,tower 
0.30799272656440735,8.352516174316406,tragedy 
-4.3359174728393555,-2.281409978866577,tree 
-2.0538952350616455,7.488397121429443,trial 
6.506739139556885,-1.480509638786316,trick 
9.834410667419434,1.7445024251937866,trip 
-8.197144508361816,-1.7332216501235962,triumph 
0.8942201733589172,-3.0035130977630615,try 
1.8054264783859253,0.6232247948646545,turkey 
1.3544530868530273,-5.271773338317871,uncle 
1.3076177835464478,-2.647601842880249,understand 
-5.55478572845459,-7.777132034301758,unhappy 
3.9189231395721436,0.42897143959999084,universe 
-7.9745612144470215,-5.222386360168457,unnecessary 
-4.141146183013916,-4.082613945007324,valley 
0.8083694577217102,3.1698415279388428,value 
-7.96209192276001,3.8821158409118652,vanish 
7.431543350219727,4.472417831420898,vehicle 
4.121366024017334,3.5119223594665527,vein 
-2.0227465629577637,7.504912853240967,verdict 
-3.639852285385132,5.197048187255859,verify 
-2.6843721866607666,-5.4725494384765625,vessel 
4.703044414520264,8.266674041748047,victor 
-1.039450764656067,5.597167491912842,victory 
1.3768408298492432,-0.29808709025382996,vinegar 
0.07963825762271881,4.900735378265381,violation 
-8.320648193359375,-3.1511149406433105,violent 
-2.1620266437530518,-0.23897826671600342,violet 
6.843167304992676,1.5799683332443237,violin 
3.6422181129455566,1.2864389419555664,vision 
7.3751373291015625,4.394890308380127,wagon 
5.792525768280029,-6.184995651245117,waist 
-2.925757884979248,-3.7331278324127197,wall 
-6.029531955718994,-0.843685507774353,wander 
1.853956699371338,-3.0903778076171875,want 
3.235880136489868,5.411879539489746,warrior 
-2.7125015258789062,-1.5632332563400269,water 
2.6297543048858643,-3.7615034580230713,way 
0.8946757912635803,3.1736648082733154,wealth 
-2.8188436031341553,0.5856967568397522,weather 
2.199150800704956,-9.457305908203125,week 
5.241084098815918,1.7042783498764038,weekend 
-4.653282642364502,-6.524901866912842,weird 
-1.667829155921936,1.2893781661987305,west 
0.7471291422843933,0.40764185786247253,wheat 
2.602914571762085,-0.7968119978904724,whiskey 
-5.356832981109619,-4.198483943939209,wide 
1.1977940797805786,-5.18728494644165,wife 
-5.4929327964782715,1.8502342700958252,win 
-1.6334840059280396,-3.802180051803589,window 
2.518040657043457,-0.8155286908149719,wine 
-3.2517683506011963,9.486800193786621,winner 
-2.6984431743621826,0.7563059329986572,winter 
4.704812526702881,-6.088247299194336,wire 
1.468403697013855,2.918407440185547,wisdom 
-6.477382183074951,4.018641948699951,withdraw 
0.15911175310611725,-5.8720903396606445,woman 
-4.10783052444458,-7.377737998962402,wonderful 
-4.0397772789001465,-2.462806224822998,wood 
1.0006074905395508,-3.8719770908355713,word 
4.518851280212402,5.590712547302246,worker 
1.2442208528518677,4.225917816162109,world 
5.788946628570557,-5.995746612548828,wrist 
0.7172453999519348,8.199393272399902,writer 
-2.3591485023498535,-3.314725637435913,yard 
2.145541191101074,-9.430137634277344,year 
8.587379455566406,3.086570978164673,young 
-4.562790393829346,-3.3834211826324463,zone 
